Workbook
Name Slicer_Customer_Region: #N/A
Name Slicer_Product_Category: #N/A

Sheet BRD
B2: REGIONAL SALES PERFORMANCE DASHBOARD
A3: This dashboard shows Regional sale performance, and it will help a regional sales manager to track result against targets, see the sales trend over a month and identify the top performing region and products in each customer region.
A5: Intended Audience: Regional Sales Manager.
A6: Use Case: The dashboard will be used to monitor sales performance, compare regional results, identify successful products, track sales trends, and assess whether sales targets are being achieved.
A7: Questions The Dashboard answers:
A8: 1. Which highest and lowest performing region.
A9: 2.Which is the best performing product in each region.
A10: 3. What is the sales trend over time?
A11: 4. Are the targets being achieved?
D13: Required KPI's
D14: KPI NAME | E14: CALCULATIONS | F14: SOURCE DATA
D15: TOTAL_REVENUE | E15: Sum of sales amount | F15: Sales_Data Table
D16: AVERAGE_SALE | E16: total revenue/No.of total sales | F16: Sales_Data Table
D17: SALES ABOVE_TARGET | E17: Count the no.of sales On Target | F17: Sales_Data Table
D18: TARGET_ACHIEVMENT % | E18: total sales/total target * 100 | F18: Sales_Data Table
C21: Required Visualization
C22: Chart Type | D22: x-Axis | E22: Y-axis | F22: Filters
C23: Stacked Bar Chart | D23: Region | E23: Sum of sales | F23: Order dates(Months)
C24: Clustered bar Chart | D24: Sum of sales | E24: Customer Region | F24: Order dates.
C25: Line Chart | D25: Months | E25: Sum of sales | F25: Customer region
C27: Filters & Interactivity
C28: Slicers - The Slicers filter: | D28: 1. Region
D29: 2. Product Category
C31: Interactive requirements
C32: 1).All charts respond to slicer selections.
C33: 2).KPI cards update automatically based on selected filters.
C34: 3).Users can analyse specific regions and product categories.
C35: 4).Slicers are connected to all Pivot Tables and Pivot Charts.
D37: DATA SOURCE
D38: File Name: sales_dashboard_week2.xlsx
D39: Sheet Name: Data

Sheet Dashboard
O1: KPI's
O3: TOTAL_REVENUE | P3: =SUM(Sales_Data!H2:H102) -> 249117.09
O5: AVERAGE_SALES | P5: =AVERAGE(Sales_Data!H2:H102) -> 2466.5058
O7: NO. of_SALES_ON_TARGET | P7: =COUNTIF(Sales_Data!J2:J102,"On_Target") -> 32
O9: TARGET ACHIEVED% | P9: =SUM(Sales_Data!H2:H102)/SUM(Sales_Data!I2:I102) -> 0.82216861

Sheet Sales_Data
A1: Order ID | B1: Order Date | C1: Customer Region | D1: Product Category | E1: Product Sub-Category | F1: Units Sold | G1: Unit Price | H1: Total_Sales | I1: Target | J1: Status
A2: ORD1000 | B2: 44927 | C2: East | D2: =VLOOKUP(E2,Lookup_Table!$A$2:$B$9,2,FALSE) -> Sports | E2: Football | F2: 2 | G2: 458.28 | H2: =G2*F2 -> 916.56 | I2: 3000 | J2: =IF(H2>=I2,"On_Target","Below_Target") -> Below_Target
A3: ORD1001 | B3: 44928 | C3: West | D3: =VLOOKUP(E3,Lookup_Table!$A$2:$B$9,2,FALSE) -> Electronics | E3: Phone | F3: 12 | G3: 191.38 | H3: =G3*F3 -> 2296.56 | I3: 3000 | J3: =IF(H3>=I3,"On_Target","Below_Target") -> Below_Target
A4: ORD1002 | B4: 44929 | C4: North | D4: =VLOOKUP(E4,Lookup_Table!$A$2:$B$9,2,FALSE) -> Clothing | E4: Shoes | F4: 6 | G4: 17.57 | H4: =G4*F4 -> 105.42 | I4: 3000 | J4: =IF(H4>=I4,"On_Target","Below_Target") -> Below_Target
A5: ORD1003 | B5: 44930 | C5: East | D5: =VLOOKUP(E5,Lookup_Table!$A$2:$B$9,2,FALSE) -> Home_&_Kitchen | E5: Blender | F5: 4 | G5: 464.88 | H5: =G5*F5 -> 1859.52 | I5: 3000 | J5: =IF(H5>=I5,"On_Target","Below_Target") -> Below_Target
A6: ORD1004 | B6: 44931 | C6: East | D6: =VLOOKUP(E6,Lookup_Table!$A$2:$B$9,2,FALSE) -> Sports | E6: Tennis Racket | F6: 11 | G6: 219.81 | H6: =G6*F6 -> 2417.91 | I6: 3000 | J6: =IF(H6>=I6,"On_Target","Below_Target") -> Below_Target
A7: ORD1005 | B7: 44932 | C7: West | D7: =VLOOKUP(E7,Lookup_Table!$A$2:$B$9,2,FALSE) -> Clothing | E7: Shoes | F7: 17 | G7: 483.66 | H7: =G7*F7 -> 8222.22 | I7: 3000 | J7: =IF(H7>=I7,"On_Target","Below_Target") -> On_Target
A8: ORD1006 | B8: 44933 | C8: North | D8: =VLOOKUP(E8,Lookup_Table!$A$2:$B$9,2,FALSE) -> Home_&_Kitchen | E8: Cookware | F8: 6 | G8: 482.17 | H8: =G8*F8 -> 2893.02 | I8: 3000 | J8: =IF(H8>=I8,"On_Target","Below_Target") -> Below_Target
A9: ORD1007 | B9: 44934 | C9: North | D9: =VLOOKUP(E9,Lookup_Table!$A$2:$B$9,2,FALSE) -> Home_&_Kitchen | E9: Blender | F9: 5 | G9: 427.97 | H9: =G9*F9 -> 2139.85 | I9: 3000 | J9: =IF(H9>=I9,"On_Target","Below_Target") -> Below_Target
A10: ORD1008 | B10: 44935 | C10: East | D10: =VLOOKUP(E10,Lookup_Table!$A$2:$B$9,2,FALSE) -> Sports | E10: Football | F10: 2 | G10: 154.28 | H10: =G10*F10 -> 308.56 | I10: 3000 | J10: =IF(H10>=I10,"On_Target","Below_Target") -> Below_Target
A11: ORD1009 | B11: 44936 | C11: South | D11: =VLOOKUP(E11,Lookup_Table!$A$2:$B$9,2,FALSE) -> Sports | E11: Football | F11: 6 | G11: 198.7 | H11: =G11*F11 -> 1192.2 | I11: 3000 | J11: =IF(H11>=I11,"On_Target","Below_Target") -> Below_Target
A12: ORD1010 | B12: 44937 | C12: East | D12: =VLOOKUP(E12,Lookup_Table!$A$2:$B$9,2,FALSE) -> Home_&_Kitchen | E12: Blender | F12: 11 | G12: 427.06 | H12: =G12*F12 -> 4697.66 | I12: 3000 | J12: =IF(H12>=I12,"On_Target","Below_Target") -> On_Target
A13: ORD1011 | B13: 44938 | C13: East | D13: =VLOOKUP(E13,Lookup_Table!$A$2:$B$9,2,FALSE) -> Sports | E13: Football | F13: 16 | G13: 165.29 | H13: =G13*F13 -> 2644.64 | I13: 3000 | J13: =IF(H13>=I13,"On_Target","Below_Target") -> Below_Target
... A102: ORD1100 | B102: 45027 | C102: East | D102: =VLOOKUP(E102,Lookup_Table!$A$2:$B$9,2,FALSE) -> Clothing | E102: Shirt | F102: 14 | G102: 94.87 | H102: =G102*F102 -> 1328.18 | I102: 3000 | J102: =IF(H102>=I102,"On_Target","Below_Target") -> Below_Target
B104: KPI's
B105: TOTAL_REVENUE | C105: =SUM(H2:H102) -> 249117.09
B106: AVERAGE_SALES | C106: =AVERAGE(H2:H102) -> 2466.5058 | G106: TOTAL_REVENUE | H106: =SUM(H2:H102) -> 249117.09
B107: NO. OF_SALES_ON_TARGET | C107: =COUNTIF(J2:J102,"On_Target") -> 32 | G107: AVERAGE_SALES | H107: =AVERAGE(H2:H102) -> 2466.5058
B108: TARGET ACHIEVED% | C108: =SUM(H2:H102)/SUM(I2:I102) -> 0.82216861 | G108: NO. OF_SALES_ON_TARGET | H108: =COUNTIF(J2:J102,"On_Target") -> 32
G109: TARGET ACHIEVED% | H109: =SUM(H2:H102)/SUM(I2:I102) -> 0.82216861

Sheet Pivot_Table_1
A3: Months (Order Date) | B3: (All)
A5: Customer Region | B5: Sum of Total_Revenue_by_Region
A6: South | B6: 44585.39
A7: East | B7: 57384.46
A8: West | B8: 70785.71
A9: North | B9: 76361.53
A10: Grand Total | B10: 249117.09

Sheet Pivot_Table_2
A2: Order Date | B2: (All)
A4: Sum of Total_Sales | B4: Product Category
A5: Customer Region | B5: Clothing | C5: Electronics | D5: Home_&_Kitchen | E5: Sports | F5: Grand Total
A6: East | B6: 23064.09 | C6: 9065.32 | D6: 15693.36 | E6: 9561.69 | F6: 57384.46
A7: North | B7: 24959.3 | C7: 26831.52 | D7: 16720.61 | E7: 7850.1 | F7: 76361.53
A8: South | B8: 7244.4 | C8: 13359.45 | D8: 18778.81 | E8: 5202.73 | F8: 44585.39
A9: West | B9: 34874.14 | C9: 13936.95 | D9: 5105.71 | E9: 16868.91 | F9: 70785.71
A10: Grand Total | B10: 90141.93 | C10: 63193.24 | D10: 56298.49 | E10: 39483.43 | F10: 249117.09

Sheet Pivot_Table_3
A1: Customer Region | B1: (All)
A3: Total_Sales_Per_Month | B3: Product Category
A4: Months (Order Date) | B4: Clothing | C4: Electronics | D4: Home_&_Kitchen | E4: Sports | F4: Grand Total
A5: Jan | B5: 34893.94 | C5: 10035.8 | D5: 23422.6 | E5: 12282.01 | F5: 80634.35
A6: Feb | B6: 32240.4 | C6: 7996.01 | D6: 9250.54 | E6: 13431.12 | F6: 62918.07
A7: Mar | B7: 21200.05 | C7: 37506.97 | D7: 14743.88 | E7: 11366.16 | F7: 84817.06
A8: Apr | B8: 1807.54 | C8: 7654.46 | D8: 8881.47 | E8: 2404.14 | F8: 20747.61
A9: Grand Total | B9: 90141.93 | C9: 63193.24 | D9: 56298.49 | E9: 39483.43 | F9: 249117.09

Sheet Lookup_Table
A1: Product_Subcategory | B1: Correct_Category
A2: Phone | B2: Electronics
A3: Laptop | B3: Electronics
A4: Blender | B4: Home_&_Kitchen
A5: Cookware | B5: Home_&_Kitchen
A6: Football | B6: Sports
A7: Tennis Racket | B7: Sports
A8: Shoes | B8: Clothing
A9: Shirt | B9: Clothing
